ResponseId,Participant.Public.ID,,,,,
R_10ZiACPbmxcWAEM,60abe580aa82f25a7acc9800,,,,,
R_12FoVbIOrfogqcw,56588a127d69570012dfe00a,,,,,
R_12ijKMdsWGqfJaa,6633ee8ca35ae4b909110ee3,,,,,
R_13eZxn7MzlLDS17,59948cbdcf1d1700016efa45,,,,,
R_147t4GmuBwrif1r,5c37aa8b832a8400010983b3,,,,,
R_15MmPJLVc3jKyq8,67dd40b531ab9c33ff61e98e,,,,,
R_17a6DktEwYoIUBk,69417b79c252f58b79bf6754,,,,,
R_17fzXEyjMTD3R4p,674cb1e5dd135ab435dece3f,,,,,
R_19vvpZyBShmGReV,63026053812fe400f2929701,,,,,
R_1CCY97tDwiOidHs,66d7a4ca0fcf61aba9eb9328,,,,,
R_1CJk3Fs1Xfs1p5q,672268205351c30413c9837e,,,,,
R_1CZ7mawRQBOzfnT,674c9df1e01bfe1baae76974,,,,,
R_1DXN2rl5nSlqmz2,5e42f74f5b772a18434cabf7,,,,,
R_1DZcfTt5KEFK4yT,67d29a840debd6b228515177,,,,,
R_1DZHAOa2r0aSaal,6637b21240220c2517fffa1a,,,,,
R_1E5OBE2ihRxRpn8,6760853e178af224e611e496,,,,,
R_1EBv1z3JO2bNzS9,67d94f701307ac0887c44909,,,,,
R_1fqEcP06sudYeRi,6712fe1173dfa2bfa2d6294b,,,,,
R_1G8nmMVMlqfvfkj,672c74f54295206bddb0146a,,,,,
R_1GBg6tZ5m7csy09,60dc4e2299f89a7ca94b2c91,,,,,
R_1haUAQekvjcN6VJ,6942e57738f4e53ee0c5442b,,,,,
R_1hYbxNhhvnBepLW,66ec318029fc5a15efe40c57,,,,,
R_1KSM7ujRtRPHLjj,632b3017a1169b3aa44c0d66,,,,,
R_1M09NyOt5OnoBXG,671d5f4c6dae15f98003d7b2,,,,,
R_1mhf3H9bxrWjIvG,628deac8711dee5dbda650ae,,,,,
R_1MXrMAqzezUaHOb,612517df29cd32c6632b4a44,,,,,
R_1nYvKQ03OqOsKIN,6701e7c8b53a034b66f93fd8,,,,,
R_1OZ8l2pv1R7wamQ,67f308952524e8b1d811964c,,,,,
R_1QH5lt8FrSyfI90,675df96b5f9fce8b022ec062,,,,,
R_1QKiRBzfQFNwuOY,67294473dbb580a0ca93f60f,,,,,
R_1Rr8TTaTuj7AUgJ,66699f85a69c5a20e26d0446,,,,,
R_1rzS6xJOe6P44ff,67f2fbc77b115d1edb94ef11,,,,,
R_1TZdfSdTKw8bgH2,6824fd5f12b792fdaec9b2be,,,,,
R_1V2SHjnMwrNhCCP,6544ff9e0fb2eaaf83e2de5c,,,,,
R_1WDdEcV7Nrbts7v,5d0d16d991270800010b7dd7,,,,,
R_1Y39ZJJJ2TPcHIl,564e93659b124900127eb55b,,,,,
R_1y3GsWRUjSDINUT,67ac95764f3091a540c69b5b,,,,,
R_1zf3OwwccxuVWVC,5d1acc6eb0c5a8001786de55,,,,,
R_1zIodQeBliwbNrr,68423451060859f8ce31ee5a,,,,,
R_31aNpJsJat5f22x,5981b8259c83ca00012bddcb,,,,,
R_31h1Z7Ln9Px0Oif,67f1b8abe144ffdfc27d371a,,,,,
R_33oa75WYj4QNAxb,673bc7364722159a7c678802,,,,,
R_35qvWizAPqOKaKl,650b03136ab3d4c832d98b71,,,,,
R_38Sg0DTVJCXjJBa,6287f4819c5fc8c4d48cc885,,,,,
R_39gmhGOlX4GY4VQ,67ddd68976b22b18710b9fdb,,,,,
R_3AJHmpR7IBVPtKx,64d52f6f30852f26223d1e84,,,,,
R_3BrDmmQ1aZtWJI8,5bb10d4288f88d0001f3d151,,,,,
R_3bT0MzNoK0ueIo1,6631b0ab30153f0b76483e0a,,,,,
R_3c1xPxl1RV8K4QG,63eec085b1d2e79ac4fbbd78,,,,,
R_3e9P2R1gYH6Foyl,69416ab139b4b8d585aa4848,,,,,
R_3fUcV3oQU1CTTxV,67dd4210d92f4c3aac8d944c,,,,,
R_3fuKrbOKXRZRxUK,6682fbc595609e3f88048a53,,,,,
R_3gkyAwXnGwI34Vb,60f6ce6de6cf393bcde0c14d,,,,,
R_3goNGc7NUn3Y6au,677aefb67112f646f3fc77f6,,,,,
R_3gOyOcm62UF8HRE,5b9efb73d1ff7a00013bfe84,,,,,
R_3ImJduJ4p0miEBm,682c3f62f2680e9a67130379,,,,,
R_3IsCrvMAkE9o8RL,671acd4b14ebfd595a8b6c09,,,,,
R_3jK9ejMJaQO0MWe,655b6a0d11066d07716ab0b5,,,,,
R_3jVvajg9FRzu712,66240955715b3b45903381ed,,,,,
R_3kSUuDq612OUiDC,639b9ab341f4429b1b3c06a2,,,,,
R_3MzmeVGovDu5mQY,608bfa04767191aa4d57bfd8,,,,,
R_3Nrgvo2R9c0KWZ4,67e92dbd9199b830fbecdf2e,,,,,
R_3oC6turRHzvpb7V,60463896f9a82809f6eda231,,,,,
R_3OT16urX5UZEELM,67296c945c2b23b3b4f9d079,,,,,
R_3poPGHCvO4BZtIY,67f2ecf2ef369d872787cfb8,,,,,
R_3qaOvCFpjQioo3m,5db0a97f127d4000117cdfa0,,,,,
R_3saQxtSJjnx77lE,5a443812817d1800018d1179,,,,,
R_3SD34t3L7D65Zu4,66b504cd131c63b36b682b8d,,,,,
R_3uVuL2vJA6pdJsJ,67624c835727c93b1676104a,,,,,
R_3XM97DvHMdaj6HD,5c1655c7ad682500017070d2,,,,,
R_3zew8Aj1vmmEcuQ,663e4e95e7e0acca1b1cd005,,,,,
R_3ZK2OZZeOZsf9hV,57dd186e6598aa0001992616,,,,,
R_3ZKs7b32Xew5j4Q,69455d744f6c8f2faec72b92,,,,,
R_3ZOlJ8URCaRud4S,675a2ef45fbe0cc52b8403ae,,,,,
R_510oQdiNlm6eZWL,63174b4e900ff6c7b0444f29,,,,,
R_52F0CSrGW3fJKcF,63268ad93b6ecc1acf782a21,,,,,
R_53NforFcbGUl6lb,5ecd78784dc5af0d97078c8b,,,,,
R_542beflZqqx4t57,676334ae578dda6ef33f5886,,,,,
R_595PyLiCxS1xC3j,66f9a40196d53f05f2232cff,,,,,
R_59oF14qvXGtnM8J,67911b9be5af0ac0763a28c7,,,,,
R_5a9SEmytl2uVitM,6766ddcb03bbfa66fafb36a8,,,,,
R_5BWP9PSK6ao1puh,6548f960db60a00d76e92695,,,,,
R_5CkCFq7cwoFbmJJ,580cab86b869700001d71628,,,,,
R_5dM1vrB2c7xviXY,60ca4cfb5c287146cad0695a,,,,,
R_5dMtq059eWSyiVi,60fdd5214fe9e80b975361bd,,,,,
R_5dxpfLO3w1rcdzP,663a5db9ced6c4bf9bd77d3e,,,,,
R_5EioLAiGAkbdc5y,63ae31ff5c725a41082afc56,,,,,
R_5eqLUpQHvTJWISs,66c3f9c82a62ec48ab383e47,,,,,
R_5fHoSNtsUbpnVxT,6754212bee2fa6f30842fb86,,,,,
R_5FmO1VFUphdh3pp,67104c7deff954cb22438402,,,,,
R_5FS5KGfp0fWv6ft,682498beb28b43fa10e34496,,,,,
R_5g6LHNGlHagctbv,63474e67a5fd298c6103c409,,,,,
R_5GqteAcFjWilgr6,63bc9e8cd8106f8d94c636d4,,,,,
R_5hAcMMn95o28fkN,5bbf523d83f9790001ce549a,,,,,
R_5imwGwjfGOenmU4,66465704f0921cfc20ba6e57,,,,,
R_5kH6eAO4CsE2TiI,6944131af019fea3b689eb5f,,,,,
R_5lJlB68QPixRo2N,663d78724bf4501737f36653,,,,,
R_5lMI1lCRkA31hK1,67f1f1d53b5c101545b04cfc,,,,,
R_5MicnSUMtsbO3tA,5ca3ccae7958d0001689df68,,,,,
R_5Po1UlRvIkprFWF,62c84ca82b03c9aedbca4a2a,,,,,
R_5QK0YkEywyPeNNC,5ed9c3054268815691ed0e2c,,,,,
R_5Ry1j4uFaxv5R1q,663dff19b292e4e2c5c11a1b,,,,,
R_5t0J3hR7e8sCcZb,56e6a66af6ed900006a5867c,,,,,
R_5VypG6SfseEfC93,67dfd2986014ad9eaa886f26,,,,,
R_5xyRPxjjcq0AHw5,63b18d94775ad4aad221103c,,,,,
R_60C7YBjEPWoVQpp,665e26502758155528c8793e,,,,,
R_60yrwSUuUHWpio1,67e2ed15da79347d97d600c6,,,,,
R_610NTCiZYHoZqDp,66c39523c807184f4582c50a,,,,,
R_61an0IwtMPz9yLc,67cb4f07e42b150f96dc180b,,,,,
R_61BQPHnzJycV7VL,55b249bdfdf99b28e3c14b05,,,,,
R_61jmQ8UFIL52ocV,5e9a2251a69f690b9cc31ede,,,,,
R_63au9BTYeIfG3vq,5e4e844553bc702cdf68404d,,,,,
R_64cgomy2OqC9yE1,5d9d2e421af9ed0011c31894,,,,,
R_65z4LQOOe0DXDvi,62d43cee3d60ac98c1dcacc8,,,,,
R_69a9f39ToNk1kM9,58f90ebc3f4fef000199e2fd,,,,,
R_69v7UGf9iT5HM2C,559347f6fdf99b790feb6435,,,,,
R_6ae7Phf914EKhkB,6706af217ea3142dd07d1e83,,,,,
R_6CmeFeppmOo4Ceb,667c66be2cfdb420fd63f2c9,,,,,
R_6DDcEY77tRqC8yq,67dd46602623d4bf857f7fa2,,,,,
R_6E5hg70ilPgvHmC,65e64c08cd1bf3d6ab957af7,,,,,
R_6eaSusvKpE754qy,67e944da95c1ca7712027013,,,,,
R_6EPWlOXx2YyPU0T,65e375588229327640a29ad9,,,,,
R_6etpRPLVkpHlj3J,63d2a4b549eb02187fd40092,,,,,
R_6eXcJE4Rlw3u1Mw,615ddab1e4f013092538b6c5,,,,,
R_6FJ7kLvttv5IcWr,6407946a4bb4212372843398,,,,,
R_6FljsiOiLvUYcpT,670ff2e18c2f93beac6a6a72,,,,,
R_6fs6ybirZsWz8JD,64551d250ef342507eb0edf9,,,,,
R_6Gy7gaSZYWw6DrP,65ccfdf16bdcab83d5bd1163,,,,,
R_6H8D73x0CIJ3Jed,56d39b96da2aaa000dab6178,,,,,
R_6Hhce5synJsgQ1z,69419e9576aea13f332266ff,,,,,
R_6hswqEdvzuTx9uh,66c4f3cb14cbfc4db836bd4e,,,,,
R_6IiRWy11KcaeTHw,6941b8c9dd38cb0309c3280f,,,,,
R_6IUqouh8nzCDq2B,67e40bab848c22a30914c34c,,,,,
R_6jfHfWTfdfIl8mB,57656f6c2bfddf000125cce5,,,,,
R_6m3s44U6dwGnJxb,67e406244bfad9999a051c1e,,,,,
R_6M5ckrCiTWRF3jy,651c18b7be672ec76e5f6860,,,,,
R_6mIyXdTEqy9UB4E,55bb9ae7fdf99b26d27fda01,,,,,
R_6MpGOaxoCeuUGgF,65a7027c88eae2b9a68ae596,,,,,
R_6MyBz33HrhOY1HU,5e954b384491ad117052cd48,,,,,
R_6n8ftsMfaJ0T4q2,67ed8001c2b6765fa734649d,,,,,
R_6n9shaTVuAqE0i4,66294149f5c3cf16d5ebfd5e,,,,,
R_6NktI1FT5V1tlLB,67469dde494c2b78202fc16e,,,,,
R_6OCd0qtvpCIOGkJ,6276d97e209059496d37bf74,,,,,
R_6PhLxI96UAa5DsK,65b1193868f3449f46325ea8,,,,,
R_6plNLUBxLwtpujT,62b20c0065e9809e66d13fa5,,,,,
R_6PNt8Iuf2hwYzfP,67ef2077db9c1beab477cbed,,,,,
R_6QCjZx6xOtORXAl,5c4723041fba0b0001fca7c3,,,,,
R_6QLRI3w3yNQe7Rq,5d697ea28572fc000126b779,,,,,
R_6R7x0bNOH7fd37X,67e1dc9c35b6facf1079fb30,,,,,
R_6rB8QELnR9gxTJT,60bff9298f56d55c8ecd9adf,,,,,
R_6rOpLpFhMxx6v6F,59f22a9fd6380600018b2929,,,,,
R_6S8C9uHeAdklabz,667ab64e047d4032dcc8be52,,,,,
R_6tEhShiFX0QFkAg,655386dc470f6217a78fec03,,,,,
R_6TkNWXDvUYFHtol,,,,,,
R_6tMqTwgPfh2AMYq,63ed78d1217e614a3c6b392e,,,,,
R_6UhB0Q43cf1z0mG,6810cb4c7a4dd46a3c6ede04,,,,,
R_6VQ1eczUEWAG7of,61350714824fe9ef61afde03,,,,,
R_6X4gCzSiHVkMCj9,6754246c81ce61cb6ffe887f,,,,,
R_6XHnOMunNo2T2Xn,675b6faf10ae4b79d1d6455e,,,,,
R_6Ya0GdsFGjPLdaD,67bc755b022467c613763798,,,,,
R_6ykDu1Ku7urXcZn,662d7fba32d6a738b194d893,,,,,
R_1Rr8TTaTuj7AUgJ,67d9625169884c7fdecaf0a6,,,,,NEW
R_70jCyU9Z7O2lDOg,67e73cc7cf25bb683f36f62c,,,,,
R_70ZU9V6OeEvLuo8,665e0d4039fbf0b54bab1900,,,,,
R_72D7pp5ae9b2NF1,660c9fe7b2e6bf22bcc608b1,,,,,
R_72mO99v7O7tfTsQ,546ec14dfdf99b2bc7ebd032,,,,,
R_75Sl3bG3gQffzW6,66b01097e95b0626c2cd7b5c,,,,,
R_76osxpiCjbd8JsB,6761134a283b8ace0b1e0345,,,,,
R_78BV59tWjEgcgBl,64b3ebc9ad6778799f835dcb,,,,,
R_78ZCyRsuZxsObuk,675b6bf5887bccb7fad6c44d,,,,,
R_7aCQppHzK6ETKjT,6785704c3b1ab8813a4958b0,,,,,
R_7AMgiNEroUwOQSp,65c12e15de9c876d82fcd335,,,,,
R_7BZK2VhJ3HzvYzf,66e5cf7a11cb28aa31d19da8,,,,,
R_7CsDkvWB3z5sM6D,64345edc0fd9813bdd9ef181,,,,,
R_7DN4i870E18tqiB,674f97fef70c3dd15d138c3e,,,,,
R_7dstojxqEt3SAYm,60dfa0f80964725cfdab1685,,,,,
R_7F4mTeNweNLiJFf,677c358117d1ac70048fd3c6,,,,,
R_7FPWyMKU2j1pXXC,66f8522292767238ed42ebbd,,,,,
R_7GKum2FdimGf4SD,64d91e8194411a7a62506acc,,,,,
R_7Gs8Mj0BgLoBOyP,67c78fbc58d20f4b7fe41479,,,,,
R_7hL3KBFm6JzDIde,67cb51b23d74b436185a20eb,,,,,
R_7ie9jN291CFj99v,62a889993e01c9e01ee7066e,,,,,
R_7js8RGzWTYN6bNm,597761dfd5ddf60001d14b20,,,,,
R_7JwoK3ocMCEmXKf,66293a86e40515e886439323,,,,,
R_7kpIR0CpAYJVo81,5f6b8930b9d9530b1b065360,,,,,
R_7nNxszhdpJ3Sv76,629e1738fcc7d0b6acfe5280,,,,,
R_7O1ZTVUU38tLKks,5bf408f7f35e0c000101693a,,,,,
R_7oGad9fTo9Cv08J,666883e7cd549b6798159085,,,,,
R_7PqsrVQOGSgqplD,694362776ee0b39779195255,,,,,
R_7QJGGxRuZF7b80V,673cc0c935b49103f2be1e27,,,,,
R_7QLe2XU1XuEb5tY,63f82a4ff43ec144ca3622a8,,,,,
R_7rNxurJUKnK99k4,65bf9aeb592e888df327d648,,,,,
R_7rTJ7Wx5xd3yooy,67001b28a9974a03b6ffec54,,,,,
R_7TCvsPnpufthFDj,5ef3e3c01ece121907ee721a,,,,,
R_7Tu8YhcxdfVjXHq,64275e53f51a5ed4f6b7d019,,,,,
R_7uJPcWBhoVD5iOr,67463480327b48a3f1380669,,,,,
R_7uqXTJP2XlWe33h,669fdf35b877ffb7641b412e,,,,,
R_7UxsbzwkuHjiFK9,673e5a3412198a5e62837745,,,,,
R_7VOzwkNovbeGTpY,67164c92298409e37c670b3d,,,,,
R_7Yoc0e2yHXAssS4,614ba174b4090c0f7ed64278,,,,,
R_7ywaj80P8bdQ4St,668bf688d58206e61f399a88,,,,,
R_11Qsr22WZKv3l2N,62dc4a5fef307ee53c61afcc,,,,,
R_3QybYdJqvf2GZim,67d21364aa4dc87ecd8f3f1b,,,,,
R_1V29FKgl2vpuYgI,60c381c26357c51532f1b378,,,,,
R_6Nojd4XGswCcTYJ,6266e63b82fa38e800e33a24,,,,,
,,,,,,