"","song","song.1","second","valence_raw","arousal_raw","valence_filt","arousal_filt","euclidean_dist_mean","start_time"
"341","stimuli/11_pieceA_calm_anxious_sad",101,50.5,-0.042951009,0.000632788,-0.043473722,-0.000427471,0.000610887,NA
"342","stimuli/11_pieceA_calm_anxious_sad",102,51,-0.042995415,0.000426193,-0.04379527,-0.000946884,0.000541862,NA
"343","stimuli/11_pieceA_calm_anxious_sad",103,51.5,-0.043688814,7.99e-05,-0.044071316,-0.00141316,0.000522297,NA
"344","stimuli/11_pieceA_calm_anxious_sad",104,52,-0.043870681,7.26e-05,-0.044328588,-0.001867699,0.000495563,NA
"345","stimuli/11_pieceA_calm_anxious_sad",105,52.5,-0.044975057,-0.000857136,-0.044630726,-0.002260503,0.000414954,NA
"346","stimuli/11_pieceA_calm_anxious_sad",106,53,-0.045419805,-0.000858004,-0.044847499,-0.002614334,0.00042536,NA
"347","stimuli/11_pieceA_calm_anxious_sad",107,53.5,-0.044546358,0.000440049,-0.045002421,-0.003010478,0.000243642,NA
"348","stimuli/11_pieceA_calm_anxious_sad",108,54,-0.045545456,0.00057682,-0.045202471,-0.003149551,0.00023423,NA
"349","stimuli/11_pieceA_calm_anxious_sad",109,54.5,-0.046824901,7.27e-05,-0.045434849,-0.003120156,0.000368105,NA
"350","stimuli/11_pieceA_calm_anxious_sad",110,55,-0.047178226,-0.03963529,-0.045753396,-0.002935687,0.000401375,NA
"351","stimuli/11_pieceA_calm_anxious_sad",111,55.5,-0.046393415,0.000753527,-0.045971101,-0.002598483,0.000454292,NA
"352","stimuli/11_pieceA_calm_anxious_sad",112,56,-0.047148976,-0.000130527,-0.046161785,-0.002186147,0.000718896,NA
"353","stimuli/11_pieceA_calm_anxious_sad",113,56.5,-0.048161078,-0.001872692,-0.046316324,-0.001484058,0.000689993,NA
"354","stimuli/11_pieceA_calm_anxious_sad",114,57,-0.048353056,-0.002122524,-0.046400794,-0.000799255,0.000684464,NA
"355","stimuli/11_pieceA_calm_anxious_sad",115,57.5,-0.047796242,-0.001853486,-0.046391728,-0.000114851,0.000643531,NA
"371","stimuli/11_pieceA_calm_anxious_sad",131,65.5,-0.044645376,-0.002930726,-0.042723741,-0.00095699,0.001415354,NA
"372","stimuli/11_pieceA_calm_anxious_sad",132,66,-0.04020379,-0.009251248,-0.042413153,-0.002337846,0.001604765,NA
"373","stimuli/11_pieceA_calm_anxious_sad",133,66.5,-0.039379389,-0.009440908,-0.042164803,-0.003923277,0.001796272,NA
"374","stimuli/11_pieceA_calm_anxious_sad",134,67,-0.039137832,-0.009587054,-0.041879669,-0.005696774,0.001939372,NA
"375","stimuli/11_pieceA_calm_anxious_sad",135,67.5,-0.040549688,-0.009790203,-0.041601174,-0.007616046,0.000344275,NA
"376","stimuli/11_pieceA_calm_anxious_sad",136,68,-0.039120912,-0.009963837,-0.041334675,-0.007833999,0.001365488,NA
"377","stimuli/11_pieceA_calm_anxious_sad",137,68.5,-0.039714549,-0.009959964,-0.041153696,-0.009187441,0.001301077,NA
"378","stimuli/11_pieceA_calm_anxious_sad",138,69,-0.040478516,-0.009568735,-0.041028409,-0.010482472,0.001147381,NA
"379","stimuli/11_pieceA_calm_anxious_sad",139,69.5,-0.039987483,-0.009815986,-0.040923109,-0.011625011,0.000972976,NA
"380","stimuli/11_pieceA_calm_anxious_sad",140,70,-0.039692099,-0.01011137,-0.040828337,-0.01259336,0.000803365,NA
"381","stimuli/11_pieceA_calm_anxious_sad",141,70.5,-0.040061714,-0.01099587,-0.040754503,-0.013393325,0.000675195,NA
"382","stimuli/11_pieceA_calm_anxious_sad",142,71,-0.041222873,-0.011317171,-0.040783254,-0.014067908,0.000581878,NA
"383","stimuli/11_pieceA_calm_anxious_sad",143,71.5,-0.041812137,-0.010800689,-0.040943677,-0.014627235,0.004155441,NA
"384","stimuli/11_pieceA_calm_anxious_sad",144,72,-0.042802264,-0.010243131,-0.044225816,-0.012078656,0.000546276,NA
"385","stimuli/11_pieceA_calm_anxious_sad",145,72.5,-0.042306947,-0.010311161,-0.044590305,-0.012485553,0.000596165,NA
"386","stimuli/11_pieceA_calm_anxious_sad",146,73,-0.042729171,-0.011528424,-0.045091748,-0.012807993,0.000609073,NA
"387","stimuli/11_pieceA_calm_anxious_sad",147,73.5,-0.043497518,-0.012271469,-0.045634076,-0.013085211,0.000600627,NA
"388","stimuli/11_pieceA_calm_anxious_sad",148,74,-0.044837802,-0.012886284,-0.046196481,-0.01329605,0.000540459,NA
"389","stimuli/11_pieceA_calm_anxious_sad",149,74.5,-0.044942074,-0.053740497,-0.046720507,-0.013428311,0.00050903,NA
"390","stimuli/11_pieceA_calm_anxious_sad",150,75,-0.043157333,-0.013343488,-0.047229175,-0.013447503,0.000473392,NA
"391","stimuli/11_pieceA_calm_anxious_sad",151,75.5,-0.044133195,-0.013465356,-0.047694798,-0.013362092,0.000387467,NA
"392","stimuli/11_pieceA_calm_anxious_sad",152,76,-0.04524541,-0.013879632,-0.048017295,-0.013147322,0.000336458,NA
"393","stimuli/11_pieceA_calm_anxious_sad",153,76.5,-0.044330203,-0.010102401,-0.048209737,-0.012871333,0.000464563,NA
"394","stimuli/11_pieceA_calm_anxious_sad",154,77,-0.046111564,-0.010847232,-0.048341989,-0.012425992,0.000473732,NA
"395","stimuli/11_pieceA_calm_anxious_sad",155,77.5,-0.047110904,-0.010755801,-0.048441214,-0.011962768,0.000518909,NA
"396","stimuli/11_pieceA_calm_anxious_sad",156,78,-0.049034211,-0.010159966,-0.048512342,-0.011448757,0.000472217,NA
"397","stimuli/11_pieceA_calm_anxious_sad",157,78.5,-0.049452548,-0.011906653,-0.048530642,-0.010976895,0.000495157,NA
"398","stimuli/11_pieceA_calm_anxious_sad",158,79,-0.050108905,-0.010719832,-0.048448988,-0.010488517,0.000486711,NA
"399","stimuli/11_pieceA_calm_anxious_sad",159,79.5,-0.049154471,-0.009716175,-0.048350819,-0.010011809,0.000463798,NA
"400","stimuli/11_pieceA_calm_anxious_sad",160,80,-0.049533668,-0.008141731,-0.048341248,-0.00954811,0.000413976,NA
"401","stimuli/11_pieceA_calm_anxious_sad",161,80.5,-0.049214296,-0.008343771,-0.048427201,-0.009143155,0.000452126,NA
"402","stimuli/11_pieceA_calm_anxious_sad",162,81,-0.04930239,-0.008219207,-0.048642906,-0.008745802,0.000527279,NA
"403","stimuli/11_pieceA_calm_anxious_sad",163,81.5,-0.050161274,-0.008311468,-0.048973686,-0.008335183,0.000580096,NA
"404","stimuli/11_pieceA_calm_anxious_sad",164,82,-0.051143662,-0.008539739,-0.049406219,-0.007948626,0.00071438,NA
"405","stimuli/11_pieceA_calm_anxious_sad",165,82.5,-0.051745045,-0.008340746,-0.049985279,-0.007530262,0.000860264,NA
"406","stimuli/11_pieceA_calm_anxious_sad",166,83,-0.052012147,-0.009007986,-0.050709938,-0.007066663,0.000955051,NA
"407","stimuli/11_pieceA_calm_anxious_sad",167,83.5,-0.051851429,-0.009071934,-0.05152394,-0.006567141,0.000977837,NA
"408","stimuli/11_pieceA_calm_anxious_sad",168,84,-0.05243677,-0.010137466,-0.052347304,-0.006039659,0.001031982,NA
"409","stimuli/11_pieceA_calm_anxious_sad",169,84.5,-0.049334143,-0.004596895,-0.053197667,-0.005454962,0.000967808,NA
"410","stimuli/11_pieceA_calm_anxious_sad",170,85,-0.049897558,-0.005056707,-0.054012601,-0.004932914,0.001034821,NA
"411","stimuli/11_pieceA_calm_anxious_sad",171,85.5,-0.051570987,-0.004432166,-0.054901998,-0.004403926,0.001108127,NA
"412","stimuli/11_pieceA_calm_anxious_sad",172,86,-0.052873885,-0.004535808,-0.055859224,-0.003845657,0.001153094,NA
"413","stimuli/11_pieceA_calm_anxious_sad",173,86.5,-0.054966536,-0.005032397,-0.056861552,-0.0032756,0.001080928,NA
"414","stimuli/11_pieceA_calm_anxious_sad",174,87,-0.05759834,-0.005096059,-0.057812021,-0.002760804,0.002603871,NA
"415","stimuli/11_pieceA_calm_anxious_sad",175,87.5,-0.060389804,-0.004201477,-0.058772457,-0.000340534,0.001722603,NA
"700","stimuli/12_pieceA_joyous_sad_anxious",220,110,-0.002124731,-0.019433205,-0.000691789,-0.020804674,0.001086382,NA
"701","stimuli/12_pieceA_joyous_sad_anxious",221,110.5,-0.002989011,-0.018506908,-0.001721393,-0.021151287,0.001188209,NA
"702","stimuli/12_pieceA_joyous_sad_anxious",222,111,-0.003052712,-0.019425433,-0.002861266,-0.021486741,0.001273581,NA
"703","stimuli/12_pieceA_joyous_sad_anxious",223,111.5,-0.003804292,-0.021737448,-0.004091507,-0.021816159,0.00133394,NA
"704","stimuli/12_pieceA_joyous_sad_anxious",224,112,-0.00517418,-0.024197065,-0.005383389,-0.022148478,0.001360495,NA
"705","stimuli/12_pieceA_joyous_sad_anxious",225,112.5,-0.005163456,-0.026592419,-0.006698511,-0.022496904,0.001344976,NA
"706","stimuli/12_pieceA_joyous_sad_anxious",226,113,-0.00548601,-0.027248624,-0.007987956,-0.022879384,0.001281292,NA
"707","stimuli/12_pieceA_joyous_sad_anxious",227,113.5,-0.005929623,-0.02723441,-0.009191447,-0.023319065,0.00116983,NA
"708","stimuli/12_pieceA_joyous_sad_anxious",228,114,-0.006585122,-0.026954539,-0.010236506,-0.023844759,0.001029522,NA
"709","stimuli/12_pieceA_joyous_sad_anxious",229,114.5,-0.006884859,-0.027350476,-0.011037605,-0.024491408,0.000929633,NA
"710","stimuli/12_pieceA_joyous_sad_anxious",230,115,-0.007665496,-0.027857443,-0.011495326,-0.025300549,0.001020224,NA
"711","stimuli/12_pieceA_joyous_sad_anxious",231,115.5,-0.008512213,-0.02749369,-0.011495513,-0.026320773,0.001414964,NA
"712","stimuli/12_pieceA_joyous_sad_anxious",232,116,-0.008983139,-0.030097023,-0.010908435,-0.027608198,0.002089015,NA
"713","stimuli/12_pieceA_joyous_sad_anxious",233,116.5,-0.009304483,-0.028815204,-0.009587936,-0.029226921,0.003001237,NA
"714","stimuli/12_pieceA_joyous_sad_anxious",234,117,-0.009450698,-0.027545047,-0.007370592,-0.031249496,0.004141411,NA
"715","stimuli/12_pieceA_joyous_sad_anxious",235,117.5,-0.007587227,-0.02981509,-0.004074872,-0.033757386,0.005517081,NA
"1441","stimuli/5_pieceB_calm_sad_anxious",1,0.5,-0.014680003,-0.079729755,-0.023880087,-0.074213815,0.008961671,NA
"1442","stimuli/5_pieceB_calm_sad_anxious",2,1,-0.014384895,-0.080919806,-0.016915072,-0.079852974,0.00744648,NA
"1443","stimuli/5_pieceB_calm_sad_anxious",3,1.5,-0.014811602,-0.082277559,-0.011604869,-0.0850733,0.006179854,NA
"1444","stimuli/5_pieceB_calm_sad_anxious",4,2,-0.012644707,-0.086728177,-0.007703633,-0.089866102,0.005139041,NA
"1445","stimuli/5_pieceB_calm_sad_anxious",5,2.5,-0.010702261,-0.089661671,-0.004985574,-0.094227512,0.004299096,NA
"1446","stimuli/5_pieceB_calm_sad_anxious",6,3,-0.007391362,-0.091412711,-0.003244255,-0.098158165,0.003631825,NA
"1447","stimuli/5_pieceB_calm_sad_anxious",7,3.5,-0.005911124,-0.097140726,-0.002291877,-0.101662895,0.003105457,NA
"1448","stimuli/5_pieceB_calm_sad_anxious",8,4,-0.00498282,-0.102390819,-0.001958581,-0.104750415,0.002685899,NA
"1449","stimuli/5_pieceB_calm_sad_anxious",9,4.5,-0.002692119,-0.105717073,-0.002091734,-0.107433011,0.002339585,NA
"1450","stimuli/5_pieceB_calm_sad_anxious",10,5,-0.003019624,-0.148639129,-0.002555227,-0.109726225,0.002036897,NA
"1451","stimuli/5_pieceB_calm_sad_anxious",11,5.5,-0.002306358,-0.10824778,-0.003228764,-0.111648541,0.001754642,NA
"1452","stimuli/5_pieceB_calm_sad_anxious",12,6,-0.003054462,-0.10909649,-0.004007158,-0.113221078,0.00147682,NA
"1453","stimuli/5_pieceB_calm_sad_anxious",13,6.5,-0.002927977,-0.110472851,-0.004799622,-0.114467272,0.001194011,NA
"1454","stimuli/5_pieceB_calm_sad_anxious",14,7,-0.002034829,-0.112299648,-0.005529062,-0.115412566,0.000902073,NA
"1455","stimuli/5_pieceB_calm_sad_anxious",15,7.5,-0.001832024,-0.111622924,-0.006131374,-0.116084099,0.000600791,NA
"1456","stimuli/5_pieceB_calm_sad_anxious",16,8,-0.002831336,-0.113599196,-0.006554729,-0.116510386,0.000293327,NA
"1457","stimuli/5_pieceB_calm_sad_anxious",17,8.5,-0.003176192,-0.115239048,-0.006758875,-0.116721016,5.12e-05,NA
"1458","stimuli/5_pieceB_calm_sad_anxious",18,9,-0.002617101,-0.117085672,-0.006714423,-0.116746331,0.000337958,NA
"1459","stimuli/5_pieceB_calm_sad_anxious",19,9.5,-0.003056381,-0.118379628,-0.006402143,-0.116617115,0.000641785,NA
"1460","stimuli/5_pieceB_calm_sad_anxious",20,10,-0.00288037,-0.11981436,-0.005812257,-0.116364285,0.0009348,NA
"1461","stimuli/5_pieceB_calm_sad_anxious",21,10.5,-0.001828528,-0.117325573,-0.004943732,-0.116018574,0.00121108,NA
"1462","stimuli/5_pieceB_calm_sad_anxious",22,11,-0.000501462,-0.115006004,-0.003803573,-0.115610222,0.001465561,NA
"1463","stimuli/5_pieceB_calm_sad_anxious",23,11.5,4.29e-05,-0.114544934,-0.002406114,-0.11516866,0.001693704,NA
"1464","stimuli/5_pieceB_calm_sad_anxious",24,12,-0.000548039,-0.11346223,-0.000772313,-0.114722199,0.001891513,NA
"1495","stimuli/5_pieceB_calm_sad_anxious",55,27.5,0.004533046,-0.123118532,-0.000758567,-0.123656961,0.00157025,NA
"1496","stimuli/5_pieceB_calm_sad_anxious",56,28,0.003831792,-0.123489959,-0.002325433,-0.123759988,0.001128891,NA
"1497","stimuli/5_pieceB_calm_sad_anxious",57,28.5,0.002705881,-0.123229123,-0.003445583,-0.123900201,0.000640773,NA
"1498","stimuli/5_pieceB_calm_sad_anxious",58,29,0.001201963,-0.122384346,-0.004067098,-0.124056116,0.000181738,NA
"1499","stimuli/5_pieceB_calm_sad_anxious",59,29.5,-0.000443614,-0.122873619,-0.004110786,-0.124232525,0.000552578,NA
"1500","stimuli/5_pieceB_calm_sad_anxious",60,30,-0.001447522,-0.12421304,-0.003560792,-0.1242859,0.001268994,NA
"1501","stimuli/5_pieceB_calm_sad_anxious",61,30.5,-0.002148081,-0.124065939,-0.002294531,-0.124369134,0.000157238,NA
"1502","stimuli/5_pieceB_calm_sad_anxious",62,31,-0.002130491,-0.124140864,-0.002340364,-0.124519544,0.000245501,NA
"1503","stimuli/5_pieceB_calm_sad_anxious",63,31.5,-0.003521852,-0.125161832,-0.00254808,-0.124650406,0.000431132,NA
"1504","stimuli/5_pieceB_calm_sad_anxious",64,32,-0.004998736,-0.125581797,-0.002964873,-0.124760673,0.000785157,NA
"1505","stimuli/5_pieceB_calm_sad_anxious",65,32.5,-0.005928629,-0.125738855,-0.003748344,-0.124812102,0.001086958,NA
"1506","stimuli/5_pieceB_calm_sad_anxious",66,33,-0.007709677,-0.12652178,-0.004826481,-0.1249503,0.001884745,NA
"1507","stimuli/5_pieceB_calm_sad_anxious",67,33.5,-0.008347026,-0.126732853,-0.006693623,-0.125207294,0.000944221,NA
"1508","stimuli/5_pieceB_calm_sad_anxious",68,34,-0.008275071,-0.127419165,-0.007597392,-0.125480706,0.00084521,NA
"1509","stimuli/5_pieceB_calm_sad_anxious",69,34.5,-0.008679742,-0.127270074,-0.008389146,-0.125776519,0.00070508,NA
"1510","stimuli/5_pieceB_calm_sad_anxious",70,35,-0.009655117,-0.126835893,-0.009013955,-0.126103247,0.000541055,NA
"1511","stimuli/5_pieceB_calm_sad_anxious",71,35.5,-0.010185258,-0.125591171,-0.009472776,-0.126389993,0.000364133,NA
"1512","stimuli/5_pieceB_calm_sad_anxious",72,36,-0.01016198,-0.125774563,-0.009767199,-0.126604254,0.000228844,NA
"1513","stimuli/5_pieceB_calm_sad_anxious",73,36.5,-0.010976197,-0.12749601,-0.009692078,-0.126820417,0.000270867,NA
"1514","stimuli/5_pieceB_calm_sad_anxious",74,37,-0.0112639,-0.126224977,-0.009874774,-0.127020395,0.000153481,NA
"1515","stimuli/5_pieceB_calm_sad_anxious",75,37.5,-0.011600906,-0.125250011,-0.010017189,-0.127077616,0.000177171,NA
"1516","stimuli/5_pieceB_calm_sad_anxious",76,38,-0.009759815,-0.127588095,-0.010175184,-0.126997447,0.000217605,NA
"1517","stimuli/5_pieceB_calm_sad_anxious",77,38.5,-0.010485414,-0.123385095,-0.010241785,-0.126790285,0.000338519,NA
"1518","stimuli/5_pieceB_calm_sad_anxious",78,39,-0.011481431,-0.122313808,-0.010297543,-0.12645639,0.000504253,NA
"1519","stimuli/5_pieceB_calm_sad_anxious",79,39.5,-0.004932738,-0.121415577,-0.010421603,-0.125967636,0.000630233,NA
"1520","stimuli/5_pieceB_calm_sad_anxious",80,40,-0.004971471,-0.121717786,-0.01054873,-0.125350358,0.000776941,NA
"1521","stimuli/5_pieceB_calm_sad_anxious",81,40.5,-0.011885668,-0.125021115,-0.010672682,-0.124583368,0.000952359,NA
"1522","stimuli/5_pieceB_calm_sad_anxious",82,41,-0.011718525,-0.125082454,-0.010848928,-0.123647459,0.001137738,NA
"1523","stimuli/5_pieceB_calm_sad_anxious",83,41.5,-0.011168928,-0.125059173,-0.011126244,-0.122544035,0.00131411,NA
"1524","stimuli/5_pieceB_calm_sad_anxious",84,42,-0.011381863,-0.124490942,-0.011497071,-0.121283332,0.001511238,NA
"1525","stimuli/5_pieceB_calm_sad_anxious",85,42.5,-0.011942105,-0.123607912,-0.011938859,-0.119838111,0.001726033,NA
"1526","stimuli/5_pieceB_calm_sad_anxious",86,43,-0.012865217,-0.122153915,-0.012434066,-0.118184642,0.001920274,NA
"1527","stimuli/5_pieceB_calm_sad_anxious",87,43.5,-0.013985972,-0.121763103,-0.012983719,-0.116344714,0.002048478,NA
"1528","stimuli/5_pieceB_calm_sad_anxious",88,44,-0.014802293,-0.11880646,-0.013667156,-0.114413607,0.002241711,NA
"1529","stimuli/5_pieceB_calm_sad_anxious",89,44.5,-0.015533779,-0.11458824,-0.014443512,-0.112310624,0.002425334,NA
"1530","stimuli/5_pieceB_calm_sad_anxious",90,45,-0.016502163,-0.108299364,-0.015233634,-0.110017601,0.002601936,NA
"1531","stimuli/5_pieceB_calm_sad_anxious",91,45.5,-0.01019656,-0.104143491,-0.016097612,-0.107563296,0.002821954,NA
"1532","stimuli/5_pieceB_calm_sad_anxious",92,46,-0.011359119,-0.101902035,-0.017013899,-0.104894243,0.002916699,NA
"1533","stimuli/5_pieceB_calm_sad_anxious",93,46.5,-0.019927748,-0.100304176,-0.017948019,-0.102131174,0.002988262,NA
"1534","stimuli/5_pieceB_calm_sad_anxious",94,47,-0.021745069,-0.097882451,-0.018895573,-0.099297122,0.002943439,NA
"1535","stimuli/5_pieceB_calm_sad_anxious",95,47.5,-0.022455787,-0.095704212,-0.0198248,-0.096504208,0.003020915,NA
"1536","stimuli/5_pieceB_calm_sad_anxious",96,48,-0.023160943,-0.092548247,-0.020751386,-0.093628905,0.002966192,NA
"1537","stimuli/5_pieceB_calm_sad_anxious",97,48.5,-0.024164012,-0.089245744,-0.021632827,-0.090796705,0.002908237,NA
"1538","stimuli/5_pieceB_calm_sad_anxious",98,49,-0.015952762,-0.087661538,-0.022480566,-0.088014767,0.002839749,NA
"1539","stimuli/5_pieceB_calm_sad_anxious",99,49.5,-0.023500627,-0.08639884,-0.023233778,-0.08527673,0.002668325,NA
"1540","stimuli/5_pieceB_calm_sad_anxious",100,50,-0.023625825,-0.083698437,-0.02389542,-0.082691737,0.002443993,NA
"1541","stimuli/5_pieceB_calm_sad_anxious",101,50.5,-0.025478896,-0.081182886,-0.024442281,-0.080309712,0.002412375,NA
"1542","stimuli/5_pieceB_calm_sad_anxious",102,51,-0.025056497,-0.07845182,-0.024942922,-0.077949858,0.002015496,NA
"1543","stimuli/5_pieceB_calm_sad_anxious",103,51.5,-0.025565948,-0.076030941,-0.025324117,-0.075970738,0.001723994,NA
"1544","stimuli/5_pieceB_calm_sad_anxious",104,52,-0.027541423,-0.073399255,-0.02558762,-0.074267,0.001470245,NA
"1545","stimuli/5_pieceB_calm_sad_anxious",105,52.5,-0.028162143,-0.071963098,-0.026019616,-0.072861653,0.001203829,NA
"1546","stimuli/5_pieceB_calm_sad_anxious",106,53,-0.026624597,-0.070965096,-0.02646984,-0.071745184,0.00094127,NA
"1547","stimuli/5_pieceB_calm_sad_anxious",107,53.5,-0.02584241,-0.070355911,-0.026717486,-0.070837076,0.000722315,NA
"1548","stimuli/5_pieceB_calm_sad_anxious",108,54,-0.026266561,-0.069721383,-0.026927856,-0.070146074,0.00059539,NA
"1549","stimuli/5_pieceB_calm_sad_anxious",109,54.5,-0.027048982,-0.068600339,-0.027106709,-0.069578182,0.000472501,NA
"1550","stimuli/5_pieceB_calm_sad_anxious",110,55,-0.02785599,-0.06780146,-0.027231103,-0.069122349,0.000342784,NA
"1551","stimuli/5_pieceB_calm_sad_anxious",111,55.5,-0.027743509,-0.067616018,-0.027333513,-0.068795221,0.000249214,NA
"1552","stimuli/5_pieceB_calm_sad_anxious",112,56,-0.026984452,-0.066567223,-0.027429308,-0.068565154,0.000234765,NA
"1553","stimuli/5_pieceB_calm_sad_anxious",113,56.5,-0.027184808,-0.068332893,-0.027524186,-0.068350415,0.000288865,NA
"1554","stimuli/5_pieceB_calm_sad_anxious",114,57,-0.027823645,-0.069507053,-0.027605719,-0.068073295,0.000307173,NA
"1555","stimuli/5_pieceB_calm_sad_anxious",115,57.5,-0.026673089,-0.069650645,-0.027696563,-0.067779863,0.000144506,NA
"1556","stimuli/5_pieceB_calm_sad_anxious",116,58,-0.026772533,-0.069696869,-0.027784817,-0.067665437,0.000424327,NA
"1557","stimuli/5_pieceB_calm_sad_anxious",117,58.5,-0.028228903,-0.067841489,-0.028199416,-0.067755775,0.000556153,NA
"1558","stimuli/5_pieceB_calm_sad_anxious",118,59,-0.028779055,-0.067625247,-0.028745489,-0.067861181,0.000383174,NA
"1559","stimuli/5_pieceB_calm_sad_anxious",119,59.5,-0.028775587,-0.068113122,-0.029118331,-0.06794956,0.000401404,NA
"1560","stimuli/5_pieceB_calm_sad_anxious",120,60,-0.028360564,-0.071080492,-0.02949701,-0.068082703,0.000424315,NA
"1561","stimuli/5_pieceB_calm_sad_anxious",121,60.5,-0.029570852,-0.069751195,-0.029900761,-0.068213197,0.000419553,NA
"1562","stimuli/5_pieceB_calm_sad_anxious",122,61,-0.030127289,-0.068995645,-0.030295634,-0.068354972,0.000410505,NA
"1563","stimuli/5_pieceB_calm_sad_anxious",123,61.5,-0.030979871,-0.068258857,-0.030652552,-0.068557763,0.000802659,NA
"1564","stimuli/5_pieceB_calm_sad_anxious",124,62,-0.031631342,-0.068530917,-0.031437633,-0.068724825,7.66e-05,NA
"1565","stimuli/5_pieceB_calm_sad_anxious",125,62.5,-0.032518343,-0.068326315,-0.031496285,-0.068774111,0.001132528,NA
"1566","stimuli/5_pieceB_calm_sad_anxious",126,63,-0.033417579,-0.068669064,-0.032627975,-0.068730546,0.001070727,NA
"1567","stimuli/5_pieceB_calm_sad_anxious",127,63.5,-0.033751651,-0.067095947,-0.033687429,-0.068575584,0.001070581,NA
"1568","stimuli/5_pieceB_calm_sad_anxious",128,64,-0.034315508,-0.067750605,-0.034731845,-0.068340342,0.001031792,NA
"1569","stimuli/5_pieceB_calm_sad_anxious",129,64.5,-0.035898804,-0.067042358,-0.035703863,-0.067994257,0.000941307,NA
"1570","stimuli/5_pieceB_calm_sad_anxious",130,65,-0.036037014,-0.065915291,-0.036555302,-0.067592872,0.000879096,NA
"1571","stimuli/5_pieceB_calm_sad_anxious",131,65.5,-0.035879273,-0.065065721,-0.037333879,-0.067184671,0.000836563,NA
"1572","stimuli/5_pieceB_calm_sad_anxious",132,66,-0.037942007,-0.066572151,-0.038043281,-0.066741291,0.000879006,NA
"1573","stimuli/5_pieceB_calm_sad_anxious",133,66.5,-0.039286582,-0.067337216,-0.038782508,-0.066265691,0.000863725,NA
"1574","stimuli/5_pieceB_calm_sad_anxious",134,67,-0.039851575,-0.066496439,-0.039485391,-0.065763719,0.000827596,NA
"1575","stimuli/5_pieceB_calm_sad_anxious",135,67.5,-0.039570461,-0.065537801,-0.040147004,-0.065266544,0.000724452,NA
"1576","stimuli/5_pieceB_calm_sad_anxious",136,68,-0.039720027,-0.065865355,-0.040720681,-0.064824135,0.00069404,NA
"1577","stimuli/5_pieceB_calm_sad_anxious",137,68.5,-0.040326428,-0.06627688,-0.041257299,-0.064383985,0.00059432,NA
"1578","stimuli/5_pieceB_calm_sad_anxious",138,69,-0.041385718,-0.067631695,-0.041679493,-0.063965692,0.0005652,NA
"1579","stimuli/5_pieceB_calm_sad_anxious",139,69.5,-0.041853781,-0.065488897,-0.041363911,-0.063496801,0.000478978,NA
"1580","stimuli/5_pieceB_calm_sad_anxious",140,70,-0.042769403,-0.062488339,-0.04129482,-0.063022832,0.000482854,NA
"1581","stimuli/5_pieceB_calm_sad_anxious",141,70.5,-0.043692792,-0.061288738,-0.041452982,-0.062566616,0.000577118,NA
"1582","stimuli/5_pieceB_calm_sad_anxious",142,71,-0.044046518,-0.062455351,-0.041648584,-0.062023657,0.000469002,NA
"1583","stimuli/5_pieceB_calm_sad_anxious",143,71.5,-0.043742875,-0.06064952,-0.041862428,-0.061606244,0.000476535,NA
"1584","stimuli/5_pieceB_calm_sad_anxious",144,72,-0.043868544,-0.058770522,-0.042146987,-0.061223998,0.000526266,NA
"1585","stimuli/5_pieceB_calm_sad_anxious",145,72.5,-0.044297418,-0.058364003,-0.04247796,-0.060814837,0.000675085,NA
"1586","stimuli/5_pieceB_calm_sad_anxious",146,73,-0.044597678,-0.057748821,-0.042814791,-0.060229786,0.000634839,NA
"1587","stimuli/5_pieceB_calm_sad_anxious",147,73.5,-0.043971381,-0.057002775,-0.043062309,-0.059645187,0.000583165,NA
"1588","stimuli/5_pieceB_calm_sad_anxious",148,74,-0.042685464,-0.057844014,-0.043191172,-0.059076438,0.0005763,NA
"1589","stimuli/5_pieceB_calm_sad_anxious",149,74.5,-0.042154145,-0.058805999,-0.043195239,-0.058500152,0.00061665,NA
"1590","stimuli/5_pieceB_calm_sad_anxious",150,75,-0.019999598,-0.059095644,-0.043047393,-0.057901488,0.00612377,NA
"1591","stimuli/5_pieceB_calm_sad_anxious",151,75.5,-0.042252749,-0.059160353,-0.038938945,-0.062442547,0.000746565,NA
"1592","stimuli/5_pieceB_calm_sad_anxious",152,76,-0.042484801,-0.058743177,-0.038416142,-0.061909597,0.000894831,NA
"1593","stimuli/5_pieceB_calm_sad_anxious",153,76.5,-0.042295499,-0.058503752,-0.037706464,-0.061364547,0.001043862,NA
"1594","stimuli/5_pieceB_calm_sad_anxious",154,77,-0.041106181,-0.056805743,-0.036839787,-0.060782724,0.001177062,NA
"1595","stimuli/5_pieceB_calm_sad_anxious",155,77.5,-0.040360533,-0.054927657,-0.035845118,-0.060153353,0.001284973,NA
"1596","stimuli/5_pieceB_calm_sad_anxious",156,78,-0.040407432,-0.054640311,-0.034737241,-0.059502382,0.001332063,NA
"1597","stimuli/5_pieceB_calm_sad_anxious",157,78.5,-0.037922703,-0.053689672,-0.033574466,-0.058852501,0.000985604,NA
"1598","stimuli/5_pieceB_calm_sad_anxious",158,79,-0.038028159,-0.052880553,-0.032891365,-0.058142017,0.001378659,NA
"1599","stimuli/5_pieceB_calm_sad_anxious",159,79.5,-0.037785252,-0.051942298,-0.031720341,-0.057414415,0.002268669,NA
"1600","stimuli/5_pieceB_calm_sad_anxious",160,80,-0.038543073,-0.050829958,-0.029554225,-0.056740026,0.001602455,NA
"1601","stimuli/5_pieceB_calm_sad_anxious",161,80.5,-0.039117087,-0.05102712,-0.028133576,-0.055998664,0.001864507,NA
"1602","stimuli/5_pieceB_calm_sad_anxious",162,81,-0.041200584,-0.050279953,-0.026455891,-0.055185178,0.002051849,NA
"1603","stimuli/5_pieceB_calm_sad_anxious",163,81.5,-0.040673708,-0.04834344,-0.024592697,-0.054325763,0.002184208,NA
"1604","stimuli/5_pieceB_calm_sad_anxious",164,82,-0.018211985,-0.046782345,-0.022625759,-0.053376068,0.002171916,NA
"1605","stimuli/5_pieceB_calm_sad_anxious",165,82.5,-0.018566841,-0.046643676,-0.020664136,-0.05244373,0.002148217,NA
"1606","stimuli/5_pieceB_calm_sad_anxious",166,83,-0.018524116,-0.047040533,-0.018713932,-0.051542874,0.002130313,NA
"1607","stimuli/5_pieceB_calm_sad_anxious",167,83.5,-0.015033129,-0.044513305,-0.016810493,-0.050586238,0.001989671,NA
"1608","stimuli/5_pieceB_calm_sad_anxious",168,84,-0.012914211,-0.045396269,-0.015043142,-0.049672312,0.00176237,NA
"1609","stimuli/5_pieceB_calm_sad_anxious",169,84.5,-0.012914703,-0.045518769,-0.013479729,-0.04885887,0.001531002,NA
"1610","stimuli/5_pieceB_calm_sad_anxious",170,85,-0.01340443,-0.044757928,-0.012115347,-0.048164298,0.001277007,NA
"1611","stimuli/5_pieceB_calm_sad_anxious",171,85.5,-0.013477445,-0.043037615,-0.010972385,-0.047594751,0.001084899,NA
"1612","stimuli/5_pieceB_calm_sad_anxious",172,86,-0.013585488,-0.042070284,-0.009959436,-0.04720624,0.000818192,NA
"1613","stimuli/5_pieceB_calm_sad_anxious",173,86.5,-0.013116082,-0.041793933,-0.009202976,-0.046894461,0.000529609,NA
"1614","stimuli/5_pieceB_calm_sad_anxious",174,87,-0.013410999,-0.040628298,-0.008746486,-0.046625941,0.000307583,NA
"1615","stimuli/5_pieceB_calm_sad_anxious",175,87.5,-0.013343259,-0.03994188,-0.00855573,-0.046384654,0.001151852,NA
"1616","stimuli/5_pieceB_calm_sad_anxious",176,88,-0.010864258,-0.044312117,-0.009688321,-0.046174893,0.000809732,NA
"1617","stimuli/5_pieceB_calm_sad_anxious",177,88.5,-0.010277524,-0.044072115,-0.010478834,-0.045999521,0.001078432,NA
"1618","stimuli/5_pieceB_calm_sad_anxious",178,89,-0.00983253,-0.043366198,-0.011549004,-0.045866288,0.001308538,NA
"1619","stimuli/5_pieceB_calm_sad_anxious",179,89.5,-0.009196503,-0.044540706,-0.012848157,-0.045709848,0.001546101,NA
"1620","stimuli/5_pieceB_calm_sad_anxious",180,90,-0.009210553,-0.044444813,-0.014389576,-0.045589616,0.001746518,NA
"1621","stimuli/5_pieceB_calm_sad_anxious",181,90.5,-0.009049116,-0.043944217,-0.016135709,-0.045552966,0.001871874,NA
"1622","stimuli/5_pieceB_calm_sad_anxious",182,91,-0.009878994,-0.043464133,-0.018007536,-0.045539689,0.00204263,NA
"1623","stimuli/5_pieceB_calm_sad_anxious",183,91.5,-0.032380842,-0.043690665,-0.020050106,-0.045523971,0.002084969,NA
"1624","stimuli/5_pieceB_calm_sad_anxious",184,92,-0.032797353,-0.045436222,-0.022134322,-0.045467936,0.002060159,NA
"1625","stimuli/5_pieceB_calm_sad_anxious",185,92.5,-0.010754038,-0.048636565,-0.024193615,-0.045408199,0.001941725,NA
"1626","stimuli/5_pieceB_calm_sad_anxious",186,93,-0.033490579,-0.048115871,-0.026135267,-0.045391324,0.001751516,NA
"1627","stimuli/5_pieceB_calm_sad_anxious",187,93.5,-0.033307472,-0.047956481,-0.027883816,-0.045289417,0.001382051,NA
"1628","stimuli/5_pieceB_calm_sad_anxious",188,94,-0.0330266,-0.048161747,-0.029252241,-0.045095824,0.000945326,NA
"1629","stimuli/5_pieceB_calm_sad_anxious",189,94.5,-0.033250241,-0.047379185,-0.0301718,-0.044876617,0.00147348,NA
"1630","stimuli/5_pieceB_calm_sad_anxious",190,95,-0.034258691,-0.046609397,-0.031625632,-0.044636791,0.001337712,NA
"1631","stimuli/5_pieceB_calm_sad_anxious",191,95.5,-0.034337321,-0.045817175,-0.032923842,-0.044314109,0.001218128,NA
"1632","stimuli/5_pieceB_calm_sad_anxious",192,96,-0.033910095,-0.041545217,-0.034028588,-0.04380091,0.001151772,NA
"1633","stimuli/5_pieceB_calm_sad_anxious",193,96.5,-0.034437188,-0.041842518,-0.03508353,-0.04333866,0.001105778,NA
"1634","stimuli/5_pieceB_calm_sad_anxious",194,97,-0.035248971,-0.041868741,-0.036061702,-0.042822981,0.001011002,NA
"1635","stimuli/5_pieceB_calm_sad_anxious",195,97.5,-0.035880521,-0.040865916,-0.036863776,-0.042207512,0.000856976,NA
"1636","stimuli/5_pieceB_calm_sad_anxious",196,98,-0.037295694,-0.04069798,-0.037475576,-0.041607421,0.000795544,NA
"1637","stimuli/5_pieceB_calm_sad_anxious",197,98.5,-0.035877515,-0.042451404,-0.038013331,-0.041021153,0.00072942,NA
"1638","stimuli/5_pieceB_calm_sad_anxious",198,99,-0.036367433,-0.04110673,-0.038467664,-0.040450508,0.000734546,NA
"1639","stimuli/5_pieceB_calm_sad_anxious",199,99.5,-0.037030233,-0.039996389,-0.038869545,-0.039835651,0.00060089,NA
"1640","stimuli/5_pieceB_calm_sad_anxious",200,100,-0.037603255,-0.039099793,-0.039188819,-0.0393266,0.000498529,NA
"1641","stimuli/5_pieceB_calm_sad_anxious",201,100.5,-0.038417454,-0.038183446,-0.039428351,-0.038889387,0.000390371,NA
"1642","stimuli/5_pieceB_calm_sad_anxious",202,101,-0.038595504,-0.03761804,-0.039586059,-0.038532291,0.000381033,NA
"1643","stimuli/5_pieceB_calm_sad_anxious",203,101.5,-0.039701076,-0.037583776,-0.039744437,-0.038185733,0.00031829,NA
"1644","stimuli/5_pieceB_calm_sad_anxious",204,102,-0.040126022,-0.036562952,-0.039931221,-0.037928012,0.000359681,NA
"1645","stimuli/5_pieceB_calm_sad_anxious",205,102.5,-0.040643084,-0.035754197,-0.040239583,-0.037742855,0.000491305,NA
"1646","stimuli/5_pieceB_calm_sad_anxious",206,103,-0.041422932,-0.035959456,-0.040716329,-0.037624137,0.000698578,NA
"1647","stimuli/5_pieceB_calm_sad_anxious",207,103.5,-0.042267669,-0.036753353,-0.041409668,-0.037538745,0.000939931,NA
"1648","stimuli/5_pieceB_calm_sad_anxious",208,104,-0.042686158,-0.036891369,-0.042348155,-0.037590834,0.000242698,NA
"1649","stimuli/5_pieceB_calm_sad_anxious",209,104.5,-0.043173351,-0.036265986,-0.042586058,-0.037638841,0.000117264,NA
"1650","stimuli/5_pieceB_calm_sad_anxious",210,105,-0.043087904,-0.036642205,-0.042703066,-0.03764659,0.001055518,NA
"1651","stimuli/5_pieceB_calm_sad_anxious",211,105.5,-0.042968355,-0.038054433,-0.043754151,-0.037549953,0.00035421,NA
"1652","stimuli/5_pieceB_calm_sad_anxious",212,106,-0.043404493,-0.038211225,-0.0440471,-0.037350841,0.000289626,NA
"1653","stimuli/5_pieceB_calm_sad_anxious",213,106.5,-0.043844691,-0.037636406,-0.044272273,-0.037168686,0.000780163,NA
"1654","stimuli/5_pieceB_calm_sad_anxious",214,107,-0.044303973,-0.038228242,-0.044165856,-0.037941557,0.000180513,NA
"1655","stimuli/5_pieceB_calm_sad_anxious",215,107.5,-0.045364598,-0.038770851,-0.044145746,-0.038120946,0.00019841,NA
"1656","stimuli/5_pieceB_calm_sad_anxious",216,108,-0.046301975,-0.038562387,-0.044231824,-0.03794218,0.000405749,NA
"1657","stimuli/5_pieceB_calm_sad_anxious",217,108.5,-0.046860025,-0.035370545,-0.044347833,-0.037553369,0.000637424,NA
"1658","stimuli/5_pieceB_calm_sad_anxious",218,109,-0.047624873,-0.034557508,-0.04450599,-0.036935878,0.000882283,NA
"1659","stimuli/5_pieceB_calm_sad_anxious",219,109.5,-0.04788794,-0.034127312,-0.04471659,-0.036079099,0.001130326,NA
"1660","stimuli/5_pieceB_calm_sad_anxious",220,110,-0.046623795,-0.031852562,-0.044987513,-0.034981721,0.001370591,NA
"1661","stimuli/5_pieceB_calm_sad_anxious",221,110.5,-0.044612493,-0.031778652,-0.045323715,-0.033653004,0.001590859,NA
"1662","stimuli/5_pieceB_calm_sad_anxious",222,111,-0.045045183,-0.030417269,-0.045726733,-0.03211404,0.001777571,NA
"1663","stimuli/5_pieceB_calm_sad_anxious",223,111.5,-0.045497304,-0.029159032,-0.046194185,-0.030399033,0.001915833,NA
"1664","stimuli/5_pieceB_calm_sad_anxious",224,112,-0.046176252,-0.026305158,-0.046719261,-0.028556559,0.001989413,NA
"1665","stimuli/5_pieceB_calm_sad_anxious",225,112.5,-0.046695233,-0.026270566,-0.047290235,-0.026650843,0.00198079,NA
"1666","stimuli/5_pieceB_calm_sad_anxious",226,113,-0.04711073,-0.026431509,-0.047889955,-0.024763023,0.001871236,NA
"1667","stimuli/5_pieceB_calm_sad_anxious",227,113.5,-0.047032335,-0.025793499,-0.048495344,-0.022992422,0.001641103,NA
"1668","stimuli/5_pieceB_calm_sad_anxious",228,114,-0.047309694,-0.023765973,-0.049076901,-0.021457818,0.001270938,NA
"1669","stimuli/5_pieceB_calm_sad_anxious",229,114.5,-0.047081043,-0.022800817,-0.049598202,-0.020298711,0.000749049,NA
"1670","stimuli/5_pieceB_calm_sad_anxious",230,115,-0.047566147,-0.023895676,-0.050015395,-0.019676598,0.000279659,NA
"1671","stimuli/5_pieceB_calm_sad_anxious",231,115.5,-0.048484441,-0.02472035,-0.050276702,-0.019776235,0.001031667,NA
"1672","stimuli/5_pieceB_calm_sad_anxious",232,116,-0.048810172,-0.024430711,-0.050321916,-0.020806911,0.002209879,NA
"1673","stimuli/5_pieceB_calm_sad_anxious",233,116.5,-0.048907917,-0.027456424,-0.050081906,-0.023003718,0.003675041,NA
"1674","stimuli/5_pieceB_calm_sad_anxious",234,117,-0.04998975,-0.027992791,-0.049478111,-0.026628819,0.005447249,NA
"1675","stimuli/5_pieceB_calm_sad_anxious",235,117.5,-0.050811689,-0.02984632,-0.048422038,-0.031972716,0.007555739,NA
"1676","stimuli/5_pieceB_calm_sad_anxious",236,118,-0.051350257,-0.033978039,-0.046814768,-0.039355525,0.010032506,NA
"1677","stimuli/5_pieceB_calm_sad_anxious",237,118.5,-0.049119966,-0.036483093,-0.044546449,-0.049128237,0.012911334,NA
"1678","stimuli/5_pieceB_calm_sad_anxious",238,119,-0.046891015,-0.044442692,-0.0414958,-0.061673997,0.016227524,NA
"1679","stimuli/5_pieceB_calm_sad_anxious",239,119.5,-0.033418133,-0.090509971,-0.037529608,-0.077409367,0.020017812,NA
"1680","stimuli/5_pieceB_calm_sad_anxious",240,120,-0.027801318,-0.104710868,-0.032502225,-0.096785595,0.039356979,NA
"1681","stimuli/6_pieceB_anxious_calm_joyous",1,0.5,-0.017884433,-0.057947868,-0.013412216,-0.062368399,0.005717482,NA
"1682","stimuli/6_pieceB_anxious_calm_joyous",2,1,-0.01310051,-0.057752184,-0.015981347,-0.057260643,0.004976596,NA
"1683","stimuli/6_pieceB_anxious_calm_joyous",3,1.5,-0.013554549,-0.056474685,-0.018381932,-0.05290132,0.004309839,NA
"1684","stimuli/6_pieceB_anxious_calm_joyous",4,2,-0.021693783,-0.054376326,-0.020621169,-0.049218858,0.003714602,NA
"1685","stimuli/6_pieceB_anxious_calm_joyous",5,2.5,-0.02417445,-0.045367541,-0.022705705,-0.046144288,0.003188119,NA
"1686","stimuli/6_pieceB_anxious_calm_joyous",6,3,-0.024713486,-0.041674634,-0.024641669,-0.043611277,0.002727349,NA
"1687","stimuli/6_pieceB_anxious_calm_joyous",7,3.5,-0.025385009,-0.039668248,-0.026434701,-0.041556169,0.002328837,NA
"1688","stimuli/6_pieceB_anxious_calm_joyous",8,4,-0.028213413,-0.03808767,-0.028089977,-0.039918017,0.001988503,NA
"1689","stimuli/6_pieceB_anxious_calm_joyous",9,4.5,-0.03019482,-0.039324583,-0.029612243,-0.038638623,0.001701411,NA
"1690","stimuli/6_pieceB_anxious_calm_joyous",10,5,-0.031217548,-0.039607625,-0.031005842,-0.037662569,0.00146157,NA
"1691","stimuli/6_pieceB_anxious_calm_joyous",11,5.5,-0.032959025,-0.038368858,-0.032274742,-0.036937256,0.001261906,NA
"1692","stimuli/6_pieceB_anxious_calm_joyous",12,6,-0.034368972,-0.037483367,-0.033422567,-0.036412943,0.001094551,NA
"1693","stimuli/6_pieceB_anxious_calm_joyous",13,6.5,-0.034121068,-0.035717976,-0.034452625,-0.036042777,0.000951507,NA
"1694","stimuli/6_pieceB_anxious_calm_joyous",14,7,-0.035762642,-0.03576638,-0.035367936,-0.035782833,0.000825651,NA
"1695","stimuli/6_pieceB_anxious_calm_joyous",15,7.5,-0.036917698,-0.035021178,-0.036171266,-0.035592149,0.000711953,NA
"1696","stimuli/6_pieceB_anxious_calm_joyous",16,8,-0.036815217,-0.033560506,-0.036865148,-0.035432762,0.000608992,NA
"1697","stimuli/6_pieceB_anxious_calm_joyous",17,8.5,-0.037159244,-0.033418228,-0.037451917,-0.035269747,0.000521109,NA
"1698","stimuli/6_pieceB_anxious_calm_joyous",18,9,-0.037298542,-0.03336542,-0.037933739,-0.035071247,0.000461078,NA
"1699","stimuli/6_pieceB_anxious_calm_joyous",19,9.5,-0.037810021,-0.033091219,-0.038312638,-0.034808515,0.000448916,NA
"1700","stimuli/6_pieceB_anxious_calm_joyous",20,10,-0.038067262,-0.03450917,-0.038590524,-0.034455946,0.000497996,NA
"1701","stimuli/6_pieceB_anxious_calm_joyous",21,10.5,-0.0385918,-0.034319403,-0.038769225,-0.033991117,0.000601813,NA
"1702","stimuli/6_pieceB_anxious_calm_joyous",22,11,-0.039086577,-0.032798216,-0.038850514,-0.033394819,0.000743862,NA
"1703","stimuli/6_pieceB_anxious_calm_joyous",23,11.5,-0.039066643,-0.032175067,-0.038836141,-0.032651096,0.000910279,NA
"1704","stimuli/6_pieceB_anxious_calm_joyous",24,12,-0.039022582,-0.031851317,-0.038727858,-0.03174728,0.001091805,NA
"1705","stimuli/6_pieceB_anxious_calm_joyous",25,12.5,-0.039042246,-0.031526176,-0.038527451,-0.030674026,0.001282064,NA
"1706","stimuli/6_pieceB_anxious_calm_joyous",26,13,-0.038776119,-0.030788484,-0.038236766,-0.029425351,0.001563476,NA
"1707","stimuli/6_pieceB_anxious_calm_joyous",27,13.5,-0.038376651,-0.029834545,-0.03766113,-0.0279717,0.001823161,NA
"1708","stimuli/6_pieceB_anxious_calm_joyous",28,14,-0.038056339,-0.027434331,-0.03723933,-0.026198003,0.002126648,NA
"1709","stimuli/6_pieceB_anxious_calm_joyous",29,14.5,-0.036203106,-0.026048373,-0.036874527,-0.024102878,0.00246255,NA
"1710","stimuli/6_pieceB_anxious_calm_joyous",30,15,-0.035009581,-0.024770677,-0.036207229,-0.021732463,0.002446897,NA
"1711","stimuli/6_pieceB_anxious_calm_joyous",31,15.5,-0.033470156,-0.023284175,-0.035419894,-0.019415696,0.002427705,NA
"1712","stimuli/6_pieceB_anxious_calm_joyous",32,16,-0.031425571,-0.019066692,-0.034617343,-0.017124482,0.002406895,NA
"1713","stimuli/6_pieceB_anxious_calm_joyous",33,16.5,-0.034103557,-0.015551525,-0.033814835,-0.014855314,0.002420703,NA
"1714","stimuli/6_pieceB_anxious_calm_joyous",34,17,-0.032124926,-0.012769255,-0.032889418,-0.012618485,0.00314192,NA
"1715","stimuli/6_pieceB_anxious_calm_joyous",35,17.5,-0.033641829,-0.01121839,-0.030708499,-0.010356792,0.002316525,NA
"1716","stimuli/6_pieceB_anxious_calm_joyous",36,18,-0.032975884,-0.008489414,-0.030344033,-0.008069118,0.002329414,NA
"1717","stimuli/6_pieceB_anxious_calm_joyous",37,18.5,-0.031382563,-0.00395989,-0.029738653,-0.005819744,0.002273992,NA
"1718","stimuli/6_pieceB_anxious_calm_joyous",38,19,-0.029619855,-0.001852284,-0.028904949,-0.003704093,0.002163329,NA
"1719","stimuli/6_pieceB_anxious_calm_joyous",39,19.5,-0.027074467,0.001595813,-0.027939805,-0.001767991,0.002188404,NA
"1920","stimuli/6_pieceB_anxious_calm_joyous",240,120,-0.015077734,-0.126241538,-0.006490512,-0.112314998,0.198279142,NA
